,0,1,2,value_ave,sem,Time,error_low,error_high
0,0.0022668724123246615,0.004533744824649323,0.0038860669925565626,0.003562228076510182,0.0006741244608377172,24.0,0.0028881036156724648,0.004236352537347899
1,0.0032383891604638023,0.005181422656742083,0.004371825366626133,0.00426387906127734,0.0005634962571729268,204.0,0.003700382804104413,0.004827375318450266
2,0.0024287918703478515,0.004533744824649323,0.0035622280765101825,0.003508254923835786,0.0006082465401635628,384.0,0.0029000083836722233,0.004116501463999348
3,0.0037241475345333726,0.005991019946858034,0.004209905908602943,0.004641691129998116,0.0006890830843715721,564.0,0.003952608045626544,0.005330774214369689
4,0.0046956642826725134,0.005667181030811654,0.005019503198718894,0.005127449504067687,0.00028559907890114873,744.0,0.004841850425166538,0.005413048582968836
5,0.008581731275229076,0.009229409107321836,0.0069625366949971745,0.008257892359182695,0.0006741244608377173,924.0,0.007583767898344978,0.008932016820020412
6,0.01360123447394797,0.01554426797022625,0.012629717725808828,0.01392507338999435,0.0008567972367034464,1104.0,0.013068276153290904,0.014781870626697797
7,0.022830643581269804,0.024773677077548087,0.022344885207200234,0.023316401955339378,0.0007420081728774936,1284.0,0.022574393782461885,0.02405841012821687
8,0.039994106131727956,0.04015602558975115,0.03805107263544968,0.0394004014523096,0.0006762816646260314,1464.0,0.03872411978768357,0.04007668311693563
9,0.05958636055253396,0.06347242754509053,0.05845292434637163,0.0605039041479987,0.0015198977792021725,1644.0,0.05898400636879653,0.062023801927200875
10,0.08646499058438352,0.0965039969818213,0.08597923221031395,0.08964940659217292,0.003430162647110173,1824.0,0.08621924394506275,0.0930795692392831
11,0.12143959351739259,0.13325971395308545,0.12338262701367086,0.1260273114947163,0.0036594434359058354,2004.0,0.12236786805881046,0.12968675493062212
12,0.16337673314539883,0.17973059840574102,0.17082502821446557,0.17131078658853513,0.004727197835816366,2184.0,0.16658358875271875,0.1760379844243515
13,0.2142194429646805,0.2404503951644373,0.21794359049921389,0.22420447620944392,0.008193792990915,2364.0,0.21601068321852893,0.23239826920035891
14,0.2705674143567507,0.29874140005278577,0.27914914563197973,0.2828193200138387,0.008337585631644967,2544.0,0.2744817343821937,0.2911569056454837
15,0.337278231062305,0.3622138275978763,0.3419738953449775,0.34715531800171956,0.007650301719693787,2724.0,0.3395050162820258,0.35480561972141333
16,0.40900855096657823,0.4341060669601727,0.4077131953023927,0.4169426044097146,0.008589874302823427,2904.0,0.40835273010689116,0.425532478712538
17,0.4881871659399182,0.5040552728261908,0.4817103876189906,0.4913176087950332,0.006637600672999089,3084.0,0.48468000812203416,0.4979552094680323
18,0.5552218215615189,0.5680134587453509,0.5534407075232638,0.5588919959433779,0.004589622516799934,3264.0,0.554302373426578,0.5634816184601779
19,0.6154558599461456,0.6488112682989228,0.6295428527941631,0.6312699936797438,0.009667524300876494,3444.0,0.6216024693788673,0.6409375179806203
20,0.6980347835379725,0.7202177492871497,0.701758931072506,0.7066704879658761,0.006858414192189999,3624.0,0.699812073773686,0.7135289021580661
21,0.7815852238779386,0.7877381632828199,0.7634502445793414,0.7775912105800332,0.0072901727323975455,3804.0,0.7703010378476357,0.7848813833124307
22,0.8408477455144262,0.8675644560882526,0.8421431011786118,0.850185100927097,0.008697719546666193,3984.0000000000005,0.8414873813804308,0.8588828204737632
23,0.9310368836333431,0.9404282121986881,0.9073966427619574,0.9262872461979962,0.009826671811772065,4164.0,0.9164605743862241,0.9361139180097683
24,1.0107012569807527,1.0150730823473788,0.9843083853229727,1.0033609082170347,0.009609495056637777,4344.0,0.993751413160397,1.0129704032736726
25,1.080812382304794,1.070611456449333,1.0599247722198024,1.0704495369913098,0.0060302771411941125,4524.0,1.0644192598501157,1.076479814132504
26,1.1650105004768527,1.1369984342388408,1.1109294014971074,1.1376461120709338,0.015615226881102213,4704.0,1.1220308851898315,1.153261338952036
27,1.231721317182407,1.2148816935479954,1.1999851034098619,1.215529371380088,0.009167177520640515,4884.0,1.2063621938594475,1.2246965489007287
28,1.3034516370866804,1.2838593826658744,1.268962792527741,1.2854246040934318,0.009986783571978802,5064.0,1.275437820521453,1.2954113876654108
29,1.3712958899983971,1.342150387554223,1.3424742264702691,1.3519735013409633,0.009661646607119467,5244.0,1.3423118547338437,1.3616351479480828
30,1.4488553103915052,1.413880707458496,1.3965553254500147,1.4197637811000055,0.015381590975617556,5424.0,1.4043821901243878,1.435145372075623
31,1.5053652012415983,1.4728193901789373,1.4384924650780209,1.4722256854995186,0.01930677838166027,5604.0,1.4529189071178583,1.4915324638811789
32,1.5800100713902892,1.5291673615710073,1.5124896573946187,1.5405556967853051,0.020306174847006454,5784.0,1.5202495219382988,1.5608618716323115
33,1.6326338952478259,1.589401399955634,1.5751524876495935,1.5990625942843513,0.017282284395313208,5964.0,1.5817803098890382,1.6163448786796644
34,1.6850957996473395,1.644615935141542,1.6340911703700345,1.6546009683863054,0.015547172503953911,6144.0,1.6390537958823514,1.6701481408902594
35,1.744358321283827,1.6904391417621047,1.657407572325374,1.697401678457102,0.025340783163580807,6324.0,1.6720608952935212,1.7227424616206828
36,1.7799806020489288,1.7200704025803486,1.7189369663741862,1.7396626570011546,0.020161627654737845,6504.0,1.7195010293464168,1.7598242846558925
37,1.8236988557151903,1.777551810178581,1.7679985621552128,1.7897497426829947,0.017197120337463408,6684.0,1.7725526223455312,1.8069468630204581
38,1.8834471357257474,1.838757365311347,1.8134979298597291,1.8452341436322743,0.020450626260870998,6864.0,1.8247835173714033,1.8656847698931454
39,1.9219839667352665,1.8572161835259906,1.826937244875654,1.868712465045637,0.028033273091387062,7044.0,1.84067919195425,1.896745738137024
40,1.9660260593175742,1.8837709746417937,1.8861997665121415,1.9119989334905032,0.027022660252326487,7224.0,1.8849762732381767,1.9390215937428297
41,1.992257011517331,1.9229554834834057,1.9166406246205012,1.943951039873746,0.024221681285835166,7404.0,1.919729358587911,1.9681727211595812
42,2.005696326533256,1.9548536167139743,1.9393093487437478,1.9666197639969927,0.020046939678501397,7584.0,1.9465728243184912,1.9866667036754941
43,2.038080218137894,2.0069916821974414,1.95971120045467,2.001594366930002,0.022783575898956014,7764.0,1.9788107910310457,2.024377942828958
44,2.0715975459486944,1.9771985019211744,1.9723409181804787,2.0070456553501157,0.03230639237487223,7944.0,1.9747392629752434,2.039352047724988
45,2.077264726979506,1.9886947834408208,1.986265991570473,2.0174085006636,0.029936324808238598,8124.0,1.9874721758553615,2.0473448254718387
46,2.097990417606474,2.015249574556624,2.0189737220911574,2.044071238084752,0.026981016529753717,8304.0,2.0170902215549984,2.071052254614506
47,2.1033337597212394,2.0269077755342937,2.0249647420380157,2.0517354257645164,0.025805263643451114,8484.0,2.0259301621210652,2.0775406894079675
48,2.1043052764693786,2.0497384191155636,2.0171926080529023,2.0570787678792812,0.025413676040270755,8664.0,2.0316650918390105,2.082492443919552
49,2.1094866991261205,2.0343560706033603,2.0515195331538187,2.0651207676277665,0.022729555062133873,8844.0,2.0423912125656325,2.0878503226899006
50,2.1347461345777385,2.0392136543440564,2.016868769136856,2.063609519352884,0.03614847619180062,9024.0,2.0274610431610833,2.0997579955446843
51,2.112077410454492,2.0555675196043985,2.055243680688352,2.074296203582414,0.01889083474813419,9204.0,2.05540536883428,2.093187038330548
52,2.1332888594555297,2.0741882572770654,2.0795315993918306,2.095669572041475,0.018872783891049603,9384.0,2.0767967881504257,2.1145423559325245
53,2.1489950468837793,2.0730548210709028,2.0502241774896333,2.0907580151481056,0.029855058033886446,9564.0,2.060902957114219,2.120613073181992
54,2.1366891680740165,2.0581582309327695,2.0584820698488158,2.0844431562852006,0.02612317316603981,9744.0,2.0583199831191608,2.1105663294512405
55,2.1167730747371643,2.08406534421648,2.07289290161288,2.0912437735221747,0.013165798922801642,9924.0,2.078077974599373,2.1044095724449763
56,2.143813624227037,2.044233157542775,2.051843372069865,2.0799633846132255,0.03200061804269265,10104.0,2.047962766570533,2.111964002655918
57,2.1235736919741384,2.0827699885522946,2.0643111703376507,2.090218283621361,0.01750827844435983,10284.0,2.0727100051770013,2.107726562065721
58,2.154662227914591,2.047795385619285,2.074674015651135,2.092377209728337,0.032094562394813564,10464.0,2.060282647333523,2.1244717721231505
59,2.1507761609220344,2.0641492508796273,2.0520052915278884,2.08897690110985,0.031097858030120402,10644.0,2.05787904307973,2.1200747591399702
60,2.1543383889985446,2.089246766873222,2.066254203833929,2.103279786568565,0.026378022103991452,10824.0,2.0769017644645738,2.1296578086725564
61,2.1245452087222776,2.0693306735363697,2.042290124046497,2.0787220021017148,0.0242048378629952,11004.0,2.0545171642387197,2.10292683996471
62,2.1340984567456456,2.069978351368462,2.0698164319104393,2.091297746674849,0.021400406081824794,11184.0,2.069897340593024,2.112698152756674
63,2.1243832892642542,2.0895706057892682,2.0683591567882305,2.0941043506139176,0.01633087042509821,11364.0,2.0777734801888195,2.110435221039016
64,2.1468900939294775,2.054272163940213,2.0725690626968336,2.0912437735221747,0.028320068603857915,11544.0,2.0629237049183167,2.1195638421260328
65,2.1090009407520514,2.0439093186267288,2.065606526001836,2.0728389284602056,0.01913513828637703,11724.0,2.0537037901738286,2.0919740667465825
66,2.1535287917084283,2.0712737070326477,2.075645532399274,2.10014934371345,0.026719545376905324,11904.0,2.073429798336545,2.1268688890903555
67,2.1384702821122716,2.0817984718041553,2.054272163940213,2.0915136392855467,0.024786549681380277,12084.0,2.0667270896041665,2.116300188966927
68,2.13685108753204,2.058643989306839,2.0693306735363697,2.088275250125083,0.024483057337648596,12264.0,2.0637921927874348,2.1127583074627316
69,2.1787882271600463,2.056215197436491,2.069978351368462,2.1016605919883333,0.038767942864882755,12444.0,2.0628926491234507,2.140428534853216
70,2.1611390062355182,2.0855226193386884,2.051843372069865,2.0995016658813572,0.03231585894778627,12624.0,2.067185806933571,2.1318175248291436
71,2.136203409699947,2.0651207676277665,2.0779124048115984,2.093078860713104,0.021876178364068848,12804.0,2.0712026823490355,2.1149550390771727
72,2.141222912898666,2.0541102444821897,2.0534625666500967,2.0829319080103175,0.02914610213970098,12984.0,2.0537858058706164,2.1120780101500185
73,2.165834670518191,2.0876275722929902,2.060587022803117,2.1046830885380996,0.03155648276334285,13164.0,2.073126605774757,2.1362395713014424
74,2.1373368459061095,2.055891358520445,2.033870312229291,2.0756995055519485,0.031467458929240424,13344.0,2.044232046622708,2.107166964481189
75,2.154824147372614,2.0745120961931116,2.0521672109859113,2.0938344848505457,0.031169577446860993,13524.0,2.062664907403685,2.1250040622974065
76,2.146404335555408,2.064635009253697,2.0393755738020793,2.0834716395370614,0.03230016997342693,13704.0,2.0511714695636343,2.1157718095104885
77,2.126650161676579,2.0589678282228854,2.0435854797106825,2.0764011565367153,0.025513891964948736,13884.0,2.0508872645717666,2.101915048501664
78,2.1478616106776167,2.052491049901958,2.06123470063521,2.087195787071595,0.030437747794386214,14064.0,2.056758039277209,2.117633534865981
79,2.1143442828668166,2.0693306735363697,2.030470003610804,2.0713816533379963,0.02423412586133388,14244.0,2.0471475274766626,2.09561577919933
80,2.123411772516115,2.0698164319104393,2.028526970114526,2.0739183915136934,0.027467562603534133,14424.0,2.0464508289101593,2.1013859541172275
81,2.115801557989025,2.072083304322764,2.0137922994344155,2.067225720582068,0.02954752836568962,14604.0,2.0376781922163785,2.0967732489477573
82,2.12924087300495,2.072245223780787,2.022050191793598,2.0745120961931116,0.030964035953229874,14784.0,2.043548060239882,2.1054761321463413
83,2.129564711920996,2.07289290161288,2.018326044259065,2.073594552597647,0.032113753706570006,14964.0,2.0414807988910773,2.105708306304217
84,2.1211449001037903,2.0610727811771867,2.018811802633134,2.0670098279713702,0.029689796804974102,15144.0,2.037320031166396,2.0966996247763445
85,2.110296296416237,2.0649588481697436,2.023507466915807,2.066254203833929,0.025062147362348595,15324.0,2.0411920564715804,2.091316351196278
86,2.112401249370538,2.0709498681166014,2.0026198568308153,2.0619903247726517,0.03200621606130735,15503.999999999998,2.029984108711344,2.093996540833959
87,2.1355557318678544,2.087789491751013,2.055081761230329,2.092808994949732,0.02336601197475935,15683.999999999998,2.069442982974973,2.1161750069244913
88,2.118392269317396,2.0129827021442996,2.019459480465227,2.0502781506423076,0.0341083422665562,15863.999999999998,2.0161698083757513,2.084386492908864
89,2.119849544439605,2.0369467819317317,2.0283650506565025,2.0617204590092797,0.0291699300515936,16043.999999999998,2.032550528957686,2.090890389060873
90,2.114668121782863,2.0711117875746248,2.012658863228253,2.06614625752858,0.029552013886219582,16223.999999999998,2.0365942436423605,2.0956982714147996
91,2.1101343769582135,2.0549198417723056,1.9907997363951224,2.051951318375214,0.03448090393222431,16404.0,2.0174704144429896,2.0864322223074385
92,2.115639638531002,2.0581582309327695,1.9993814676703514,2.057726445711374,0.03356153751853514,16584.0,2.024164908192839,2.0912879832299094
93,2.1151538801569325,2.0531387277340505,2.0095823935258124,2.059291667138932,0.030630750860675404,16764.0,2.0286609162782567,2.0899224179996074
94,2.131669664875298,2.0435854797106825,2.006829762739418,2.060694969108466,0.0370396241067755,16944.0,2.0236553450016905,2.097734593215242
95,2.108029424003912,2.0515195331538187,2.020592916671389,2.060047291276373,0.025598357353387488,17124.0,2.034448933922986,2.0856456486297605
96,2.1090009407520514,2.04601427158103,2.006829762739418,2.0539483250241664,0.029759868431335566,17304.0,2.0241884565928308,2.083708193455502
97,2.119849544439605,2.036461023557662,2.0055344070752326,2.0539483250241664,0.034138648391982024,17484.0,2.0198096766321845,2.0880869734161482
98,2.1043052764693786,2.056053277978468,2.0251266614960386,2.0618284053146283,0.0230385715636897,17664.0,2.0387898337509385,2.084866976878318
99,2.104467195927402,2.0597774255130012,1.9969526758000036,2.053732432413469,0.031183593259577133,17844.0,2.022548839153892,2.084916025673046
100,2.12519288655437,2.049252660741494,2.0367848624737084,2.0704101365898575,0.02762682131955152,18024.0,2.042783315270306,2.098036957909409
101,2.1329650205394834,2.072083304322764,2.035813345725569,2.080287223529272,0.02834366594465933,18204.0,2.0519435575846128,2.1086308894739316
102,2.1104582158742597,2.033708392771268,2.0157353329306935,2.053300647192074,0.029045931804943748,18384.0,2.02425471538713,2.0823465789970177
103,2.1185541887754193,2.0343560706033603,2.0027817762888382,2.0518973452225393,0.03455230387730974,18564.0,2.0173450413452296,2.086449649099849
104,2.1217925779358833,2.0345179900613837,2.011039668648021,2.0557834122150958,0.03369329984563228,18744.0,2.0220901123694635,2.089476712060728
105,2.121954497393906,2.055891358520445,2.0129827021442996,2.0636095193528834,0.03169327239313882,18924.0,2.0319162469597445,2.0953027917460223
106,2.0949139479040335,2.0419662851304503,2.0385659765119635,2.0584820698488158,0.018242366701791843,19104.0,2.040239703147024,2.0767244365506077
107,2.124869047638324,2.0589678282228854,2.0273935339083633,2.070410136589857,0.028714478112406367,19284.0,2.0416956584774506,2.0991246147022635
108,2.1005811289348455,2.0617204590092797,2.028526970114526,2.0636095193528834,0.020821678307013695,19464.0,2.0427878410458695,2.0844311976598973
109,2.1009049678508918,2.046338110497077,1.9977622730901197,2.0483351171460296,0.02979146912174368,19644.0,2.018543648024286,2.078126586267773
110,2.1287551146308803,2.0225359501676676,2.0053724876172097,2.052221184138586,0.038586387924283004,19824.0,2.013634796214303,2.090807572062869
111,2.0651207676277665,2.066416123291952,2.0233455474577835,2.0516274794591673,0.014145909242278716,20004.0,2.0374815702168885,2.0657733887014462
112,2.0929709144077555,2.0520052915278884,2.022859789083714,2.055945331673119,0.020334989638636742,20184.0,2.035610342034482,2.076280321311756
113,2.1154777190729788,2.0495764996575403,2.003429454120931,2.056161224283817,0.03251267634064177,20364.0,2.0236485479431754,2.088673900624459
114,2.119039947149489,2.0445569964588217,2.0225359501676676,2.062044297925326,0.029198228501070348,20544.0,2.0328460694242554,2.0912425264263965
115,2.112239329912515,2.0248028225799923,2.015087655098601,2.0507099358637024,0.030892263696101263,20724.0,2.0198176721676013,2.0816021995598035
116,2.096856981400312,2.037270620847778,2.01605917184674,2.0500622580316104,0.024185332976454338,20904.0,2.025876925055156,2.074247591008065
117,2.080826955056016,2.043261640794636,2.0129827021442996,2.045690432664984,0.0196225629973027,21084.0,2.0260678696676813,2.0653129956622864
118,2.0965331424842657,2.010715829731975,2.0045628903270933,2.037270620847778,0.02968444889649807,21264.0,2.0075861719512798,2.0669550697442762
119,2.082284230178225,2.043261640794636,2.010068151899882,2.0452046742909142,0.02086961127933536,21444.0,2.024335063011579,2.0660742855702496
120,2.1057625515915874,2.0523291304439346,2.028688889572549,2.0622601905360236,0.022796613857988958,21624.0,2.0394635766780347,2.0850568043940125
121,2.0871418139189206,2.0534625666500967,2.0095823935258124,2.0500622580316104,0.02245393430228833,21804.0,2.027608323729322,2.072516192333899
122,2.1238975308901846,2.053300647192074,2.02010715829732,2.0657684454598595,0.030603348705526025,21984.0,2.0351650967543335,2.0963717941653854
123,2.103819518095309,2.022050191793598,2.013306541060346,2.0463920836497507,0.028824442910404025,22164.0,2.0175676407393466,2.0752165265601548
124,2.0788839215597377,2.033222634397198,1.98205608566187,2.031387547206269,0.027966844118913557,22344.0,2.003420703087355,2.0593543913251824
125,2.105600632133564,2.0461761910390535,2.005048648701163,2.0522751572912603,0.02918660300581208,22524.0,2.023088554285448,2.0814617602970724
126,2.1125631688285615,2.040185171092195,2.004239051411047,2.0523291304439346,0.031854541356628095,22704.0,2.0204745890873066,2.0841836718005626
127,2.083093827468341,2.0298223257787114,1.9990576287543051,2.0373245940004527,0.0245474621561947,22884.0,2.012777131844258,2.0618720561566475
128,2.105438712675541,2.0243170642059227,1.9974384341740732,2.0423980703518456,0.0324612955509344,23064.0,2.009936774800911,2.07485936590278
129,2.0832557469263637,2.026422017160224,1.984484877532218,2.0313875472062684,0.028620584239887444,23244.0,2.002766962966381,2.0600081314461556
130,2.102686081889147,2.027069694992317,2.045042754832891,2.058266177238118,0.022807920166125522,23424.0,2.035458257071993,2.0810740974042434
131,2.085198780422642,2.002296017914769,1.9781700186693136,2.021888272335575,0.03241234993835879,23604.0,1.9894759223972163,2.0543006222739337
132,2.1068959877977496,2.028203131198479,2.0073155211134877,2.0474715467032385,0.030317878187146142,23784.0,2.0171536685160922,2.0777894248903848
133,2.0996096121867063,2.019135641549181,2.022859789083714,2.047201680939867,0.026226009747925296,23964.0,2.0209756711919415,2.0734276906877924
134,2.0965331424842657,2.028688889572549,1.995495400677795,2.04023914424487,0.02973332924841732,24144.0,2.0105058149964528,2.069972473493287
135,2.1192018666075123,2.028850809030572,2.013306541060346,2.0537864055661434,0.033014102916398655,24324.0,2.020772302649745,2.086800508482542
136,2.110620135332283,2.0299842452367343,2.0121731048541833,2.0509258284744,0.030286778654852273,24504.0,2.0206390498195477,2.0812126071292525
137,2.063825411963581,2.0419662851304503,1.9933904477234934,2.033060714939175,0.020814681775126957,24684.0,2.0122460331640477,2.053875396714302
138,2.109648618584144,2.0123350243122067,1.9763889046310585,2.0327908491758033,0.03980522754133401,24864.0,1.9929856216344692,2.0725960767171374
139,2.091837478201593,2.0396994127181256,1.9825418440359397,2.0380262449852196,0.03156202110984501,25044.0,2.0064642238753745,2.0695882660950646
140,2.0811507939720624,2.0181641248010416,2.0173545275109257,2.0388898154280097,0.021131781693054106,25224.0,2.0177580337349554,2.060021597121064
141,2.0715975459486944,2.020916755587436,1.979303454875476,2.023939252137202,0.02668583535512735,25404.0,1.9972534167820748,2.0506250874923295
142,2.0966950619422886,2.0418043656724274,2.0116873464801137,2.0500622580316104,0.02488455017131718,25584.0,2.0251777078602933,2.0749468082029274
143,2.1119154909964686,2.023831305831853,2.0105539102739516,2.0487669023674244,0.03180608166467764,25764.0,2.0169608207027467,2.080572984032102
144,2.082284230178225,2.0223740307096443,2.008287037861627,2.0376484329164986,0.022685359741233035,25944.0,2.0149630731752657,2.0603337926577314
145,2.1025241624311235,2.015897252388717,1.9909616558531456,2.036461023557662,0.033806802727690266,26124.0,2.002654220829972,2.0702678262853524
146,2.07289290161288,2.0435854797106825,2.0076393600295344,2.041372580451032,0.01886954216581465,26304.0,2.0225030382852176,2.0602421226168466
147,2.0975046592324045,2.02723161445034,2.0081251184036035,2.0442871306954493,0.027174396991054017,26484.0,2.0171127337043955,2.071461527686503
148,2.082284230178225,2.041642446214404,1.9919331726012848,2.0386199496646378,0.026125849366498442,26664.0,2.0124941002981394,2.064745799031136
149,2.0963712230262423,2.0335464733132445,1.981894166203847,2.0372706208477775,0.03309909913589651,26844.0,2.004171521711881,2.070369719983674
150,2.0963712230262423,2.020592916671389,2.001000662250583,2.039321600649405,0.029080111578919435,27024.0,2.0102414890704856,2.0684017122283245
151,2.1107820547903065,2.0324130371070823,2.01654493022081,2.0532466740393995,0.02913010603397806,27204.0,2.0241165680054216,2.0823767800733775
152,2.098638095438567,2.0222121112516214,2.0090966351517427,2.0433156139473105,0.027919149026516123,27384.0,2.0153964649207943,2.071234762973827
153,2.104791034843448,1.9927427698914006,1.9988957092962818,2.0321431713437104,0.036367332956640526,27564.0,1.9957758383870698,2.068510504300351
154,2.108191343461935,2.0120111853961604,2.0137922994344155,2.0446649427641703,0.03176736155770594,27744.0,2.0128975812064644,2.076432304321876
155,2.085198780422642,2.040670929466265,2.018649883175111,2.048173197688006,0.019573808627592303,27924.0,2.028599389060414,2.0677470063155985
156,2.1206591417297207,2.0097443129838357,1.9993814676703514,2.0432616407946362,0.0388142027441637,28104.0,2.0044474380504727,2.0820758435388
157,2.0787220021017148,2.040670929466265,1.9865898304865195,2.0353275873514995,0.026730118719960293,28284.0,2.0085974686315393,2.0620577060714598
158,2.1098105380421672,2.008287037861627,2.0001910649604673,2.039429546954754,0.03526801725897939,28464.0,2.0041615296957747,2.0746975642137335
159,2.1213068195618137,2.008287037861627,1.9899901391050063,2.039861332176149,0.04106385144967878,28644.0,1.9987974807264701,2.0809251836258276
160,2.1007430483928684,2.027879292282433,1.9929046893494238,2.040509010008242,0.03176428942313955,28824.0,2.0087447205851023,2.0722732994313815
161,2.097828498148451,2.00488672924314,2.002296017914769,2.0350037484354537,0.0314212763833274,29004.0,2.0035824720521265,2.066425024818781
162,2.1065721488817033,2.0353275873514995,1.965702220401528,2.035867318878244,0.04066654099745534,29184.0,1.9952007778807885,2.076533859875699
163,2.0958854646521727,2.0239932252898765,2.0073155211134877,2.0423980703518456,0.0271735929775446,29364.0,2.015224477374301,2.0695716633293904
164,2.08811333066706,2.013630379976392,1.9963049979679108,2.0326829028704547,0.0281628683418491,29544.0,2.0045200345286056,2.060845771212304
165,2.098314256522521,2.0403470905502186,2.014278057808485,2.050979801627075,0.02483486515773842,29724.0,2.0261449364693362,2.0758146667848134
166,2.1067340683397267,2.014278057808485,2.003429454120931,2.041480526756381,0.03277672735020723,29904.0,2.008703799406174,2.0742572541065885
167,2.107381746171819,2.0175164469689486,1.9966288368839573,2.0405090100082415,0.03397570306002139,30084.0,2.0065333069482203,2.0744847130682627
168,2.0970189008583353,1.9985718703802355,2.005048648701163,2.0335464733132445,0.031791240712942204,30264.0,2.0017552326003023,2.0653377140261866
169,2.09523778682008,2.0257743393281316,1.9864279110284964,2.0358133457255696,0.031809241343414785,30444.0,2.0040041043821546,2.0676225870689846
170,2.112077410454492,2.032089198191036,2.001000662250583,2.048389090298704,0.033084618077135905,30624.0,2.015304472221568,2.0814737083758397
171,2.098314256522521,2.021240594503482,1.9937142866395399,2.037756379221847,0.0313042424362773,30804.0,2.00645213678557,2.0690606216581244
172,2.0984761759805437,2.0239932252898765,2.0001910649604673,2.0408868220769625,0.029603130303852834,30984.0,2.0112836917731096,2.0704899523808153
173,2.0864941360868277,2.0233455474577835,1.9961430785098877,2.0353275873514995,0.02676132384199776,31164.0,2.008566263509502,2.0620889111934972
174,2.103657598637286,2.0146018967245314,2.0298223257787114,2.049360607046843,0.027501744411205516,31344.0,2.0218588626356375,2.0768623514580486
175,2.097666578690428,2.010877749189998,2.0173545275109257,2.0419662851304503,0.027912835705432206,31524.0,2.014053449425018,2.0698791208358824
176,2.1072198267137963,2.0116873464801137,2.0157353329306935,2.0448808353748675,0.031191392666579592,31704.0,2.013689442708288,2.076072228041447
177,2.1115916520804223,2.0084489573196502,1.9746077905928034,2.031549466664292,0.04119615567016417,31884.0,1.990353310994128,2.0727456223344563
178,2.1127250882865845,2.025288580954062,1.976874663005128,2.038296110748591,0.039752280378215744,32064.0,1.9985438303703753,2.078048391126807
179,2.104791034843448,2.016221091304763,2.0099062324418586,2.043639452863357,0.030630085126748044,32244.0,2.0130093677366085,2.074269537990105
180,2.090218283621361,2.006505923823372,1.9979241925481428,2.031549466664292,0.029438829745064225,32424.0,2.002110636919228,2.060988296409356
181,2.0895706057892682,2.0345179900613837,2.0014864206246528,2.0418583388251013,0.02569122067301284,32604.0,2.0161671181520884,2.067549559498114
182,2.1017145651410076,2.0351656678934766,1.979303454875476,2.0387278959699864,0.03538190253393131,32784.0,2.003345993436055,2.0741097985039176
183,2.100257290018799,2.008610876777673,1.9827037634939628,2.030523976763478,0.035659715192577594,32964.0,1.9948642615709007,2.0661836919560557
184,2.0955616257361265,1.992257011517331,1.9831895218680324,2.02366938637383,0.036041297620596914,33144.0,1.9876280887532334,2.0597106839944272
185,2.1017145651410076,2.008610876777673,2.000676823334537,2.037000755084406,0.032437864757312466,33324.0,2.004562890327094,2.0694386198417183
186,2.0919993976596163,1.9967907563419804,1.99727651471605,2.0286888895725492,0.03165556462920572,33504.0,1.9970333249433434,2.060344454201755
187,2.075645532399274,2.019135641549181,2.0204309972133663,2.0384040570539406,0.018624491948301226,33684.0,2.0197795651056394,2.0570285490022417
188,2.095075867362057,2.024640903121969,1.983675280242102,2.0344640169087094,0.03253148667582479,33864.0,2.0019325302328848,2.066995503584534
189,2.1007430483928684,2.027069694992317,1.9809226494557077,2.036245130946964,0.03489208825834046,34044.0,2.0013530426886237,2.0711372192053044
190,2.096209303568219,2.001648340082676,2.0000291455024444,2.03262892971778,0.03179362306078254,34224.0,2.0008353066569975,2.0644225527785625
191,2.096856981400312,2.021078675045459,1.9778461797532672,2.0319272787330127,0.03478103831421783,34404.0,1.997146240418795,2.0667083170472305
192,2.1060863905076337,2.0204309972133663,1.980274971623615,2.0355974531148715,0.03710186122403086,34584.0,1.9984955918908407,2.0726993143389025
193,2.1185541887754193,2.0146018967245314,1.9885328639827977,2.040562983160916,0.03971510934948722,34764.0,2.000847873811429,2.0802780925104036
194,2.0813127134300857,2.0061820849073255,1.9851325553643107,2.024209117900574,0.029191243780136766,34944.0,1.9950178741204374,2.053400361680711
195,2.104791034843448,2.0197833193812733,1.9778461797532672,2.0341401779926627,0.037342284345218,35124.0,1.9967978936474446,2.0714824623378805
196,2.0947520284460106,1.9865898304865195,1.9893424612729136,2.0235614400684816,0.03560416244025253,35304.0,1.987957277628229,2.059165602508734
197,2.0832557469263637,2.020916755587436,2.0167068496788327,2.0402931173975443,0.02151566467299872,35484.0,2.0187774527245455,2.061808782070543
198,2.0864941360868277,2.0435854797106825,1.9848087164482644,2.0382961107485915,0.02947294923473911,35664.0,2.0088231615138525,2.0677690599833305
199,2.092808994949732,2.0171926080529023,1.9843229580741948,2.031441520358943,0.032117381979591894,35844.0,1.9993241383793512,2.063558902338535
200,2.0641492508796273,2.0102300713579053,1.9827037634939628,2.019027695243832,0.023919242556296082,36024.0,1.995108452687536,2.0429469378001284
201,2.0955616257361265,2.0113635075640675,1.9828656829519862,2.02993027208406,0.033831136736036514,36204.0,1.9960991353480235,2.0637614088200964
202,2.0832557469263637,2.0199452388392967,1.9746077905928034,2.0259362587861545,0.031506686294962546,36384.0,1.994429572491192,2.057442945081117
203,2.0996096121867063,2.017678366426972,1.9767127435471048,2.0313335740535945,0.03612828348099537,36564.0,1.9952052905725992,2.0674618575345898
204,2.103819518095309,2.018811802633134,1.9966288368839573,2.0397533858708,0.03266686887359259,36744.0,2.0070865169972074,2.0724202547443924
205,2.0672257205820683,2.0026198568308153,1.9686167706459454,2.0128207826862763,0.028919286633131522,36924.0,1.9839014960531447,2.041740069319408
206,2.104467195927402,1.9909616558531456,1.9953334812197716,2.030254111000106,0.03712799794889098,37104.0,1.9931261130512152,2.067382108948997
207,2.0970189008583353,2.0269077755342937,1.9728266765545484,2.032251117649059,0.03595061716251476,37284.0,1.9963005004865442,2.0682017348115735
208,2.078074324269622,2.0003529844184906,1.9872375083186122,2.021888272335575,0.028347006028169197,37464.0,1.993541266307406,2.0502352783637443
209,2.0521672109859113,1.981894166203847,1.9805988105396615,2.00488672924314,0.02364319811944221,37644.0,1.9812435311236978,2.028529927362582
210,2.0800173577659002,2.0113635075640675,1.9687786901039686,2.0200531851446453,0.03240443986113231,37824.0,1.987648745283513,2.0524576250057778
211,2.0647969287117203,1.9924189309753544,1.9762269851730352,2.01114761495337,0.027228853735652973,38004.0,1.983918761217717,2.0383764686890227
212,2.0743501767350887,2.001648340082676,2.005048648701163,2.0270157218396427,0.02368757402705763,38184.0,2.003328147812585,2.0507032958667004
213,2.0691687540783463,1.973312434928618,1.9929046893494238,2.0117952927854628,0.029238956056757047,38364.0,1.9825563367287058,2.04103424884222
214,2.0473096272452156,2.0113635075640675,1.9749316295088497,2.011201588106044,0.020893885090415898,38544.0,1.9903077030156282,2.03209547319646
215,2.094266270071941,1.9992195482123283,1.9831895218680324,2.025558446717434,0.03466417064124146,38724.0,1.9908942760761925,2.0602226173586753
216,2.05362448610812,2.0171926080529023,1.9723409181804787,2.0143860041138333,0.02350646983998922,38904.0,1.9908795342738441,2.0378924739538227
217,2.0889229279571757,1.9812464883717542,1.976065065715012,2.0154114940146477,0.03678613858236091,39084.0,1.9786253554322868,2.0521976325970086
218,2.060425103345094,2.01605917184674,1.969912126310131,2.015465467167322,0.026130532057778193,39264.0,1.9893349351095437,2.0415959992251
219,2.085684538796712,2.0204309972133663,1.9789796159594295,2.0283650506565025,0.031057457732706212,39444.0,1.9973075929237962,2.0594225083892086
220,2.0735405794449724,2.013468460518369,1.9611684755768786,2.0160591718467398,0.03246488498272983,39624.0,1.98359428686401,2.0485240568294696
221,2.080179277223923,1.995657320135818,1.9737981933026874,2.0165449302208094,0.03243687688090635,39804.0,1.9841080533399031,2.0489818071017156
222,2.0843891831325263,1.9883709445247746,1.9854563942803571,2.0194055073125523,0.03250272933713094,39984.0,1.9869027779754214,2.051908236649683
223,2.0894086863312453,2.008287037861627,1.9877232666926818,2.0284729969618516,0.031040757348818233,40164.0,1.9974322396130333,2.05951375431067
224,2.1065721488817033,1.9950096423037254,1.9750935489668728,2.025558446717434,0.040912824587657416,40344.0,1.9846456221297766,2.0664712713050912
225,2.080826955056016,2.000676823334537,1.9650545425694352,2.0155194403199963,0.034234681890706185,40524.0,1.98128475842929,2.0497541222107025
226,2.0813127134300857,2.0045628903270933,1.973474354386641,2.0197833193812733,0.03204696561683969,40704.0,1.9877363537644337,2.051830284998113
227,2.095399706278103,2.007477440571511,1.9695882873940844,2.0241551447479,0.03726364467256189,40884.0,1.986891500075338,2.0614187894204616
228,2.06123470063521,2.0324130371070823,1.9533963415917655,2.015681359778019,0.032234762239848204,41064.0,1.983446597538171,2.047916122017867
229,2.086008377712758,1.9909616558531456,1.9888567028988442,2.021942245488249,0.032038828944428964,41244.0,1.98990341654382,2.053981074432678
230,2.0894086863312453,2.0035913735789546,1.9595492809966466,2.0175164469689486,0.038128279269467207,41424.0,1.9793881676994813,2.0556447262384157
231,2.0761312907733434,2.0116873464801137,1.987885186150705,2.0252346078013876,0.02635962798325985,41604.0,1.9988749798181278,2.0515942357846475
232,2.066416123291952,2.004239051411047,1.9781700186693136,2.0162750644574374,0.026175643594806928,41784.0,1.9900994208626306,2.0424507080522445
233,2.0753216934832275,2.0121731048541833,1.9901520585630297,2.02588228563348,0.025523994634719216,41964.0,2.000358290998761,2.0514062802681994
234,2.0894086863312453,2.001648340082676,1.9703978846842005,2.0204849703660406,0.03562305764291898,42144.0,1.9848619127231215,2.0561080280089596
235,2.08050311613997,2.014278057808485,1.9572824085843221,2.0173545275109257,0.0356039988016381,42324.0,1.9817505287092876,2.0529585263125636
236,2.092808994949732,2.0128207826862763,1.9927427698914006,2.0327908491758033,0.030563676786087395,42504.0,2.002227172389716,2.063354525961891
237,2.0923232365756625,2.000676823334537,1.9712074819743164,2.021402513961505,0.0364665243391661,42684.0,1.9849359896223389,2.0578690383006712
238,2.0949139479040335,2.014278057808485,1.9942000450136095,2.0344640169087094,0.0307756790742971,42864.0,2.0036883378344124,2.0652396959830064
239,2.0745120961931116,2.0099062324418586,1.9556632140040902,2.01336051421302,0.03435216269907379,43044.0,1.9790083515139465,2.047712676912094
240,2.09167555874357,2.0079631989455806,1.9579300864164149,2.019189614701855,0.03901489950456109,43224.0,1.980174715197294,2.058204514206416
